InvoiceId,MemberId,InvoiceNumber,InvoiceDate,DueDate,TotalAmount,StatusCode,StatusName,IsOverdue,IsClosed,MemberName
1,1001,INV-202609-001,2026-09-01,2026-10-15,50000.00,UNPAID,未入金,false,false,株式会社AAA
2,1001,INV-202609-002,2026-09-03,2026-09-30,100000.00,PARTIAL,一部入金,false,false,株式会社AAA
3,1002,INV-202609-003,2026-09-05,2026-09-25,80000.00,PAID,入金済み,false,true,株式会社BBB
4,1002,INV-202609-004,2026-09-07,2026-09-30,50000.00,PAID,入金済み,false,true,株式会社BBB
5,1003,INV-202608-001,2026-08-10,2026-08-31,70000.00,OVERDUE,期限超過,true,false,株式会社CCC
6,1003,INV-202609-005,2026-09-08,2026-09-30,30000.00,CANCELLED,キャンセル,false,true,株式会社CCC
7,1004,INV-202609-006,2026-09-10,2026-09-30,30000.00,CANCELLED,キャンセル,false,true,株式会社DDD
8,1004,INV-202609-007,2026-09-12,2026-10-10,100000.00,PARTIAL,一部入金,false,false,株式会社DDD
9,1005,INV-202609-008,2026-09-14,2026-10-20,100000.00,PARTIAL,一部入金,false,false,株式会社EEE
10,1005,INV-202609-009,2026-09-15,2026-10-20,100000.00,PARTIAL,一部入金,false,false,株式会社EEE
11,1006,INV-202609-010,2026-09-18,2026-10-31,100000.00,PAID,入金済み,false,true,株式会社FFF
